OrderID,OrderDate,Category,Product,Region,PaymentMethod,Quantity,UnitPrice,TotalAmount
1,2023-01-01,Electronics,Smartwatch,North,Credit Card,3,15971.55,47914.649999999994
2,2023-01-02,Beauty,Moisturizer,South,Credit Card,3,14693.48,44080.44
3,2023-01-03,Beauty,Moisturizer,South,Credit Card,1,12017.63,12017.63
4,2023-01-04,Home & Kitchen,Mixer,South,Cash on Delivery,2,3288.69,6577.38
5,2023-01-05,Clothing,Jeans,South,Cash on Delivery,3,9293.13,27879.39
6,2023-01-06,Beauty,Moisturizer,West,Credit Card,1,12102.08,12102.08
7,2023-01-07,Beauty,Lipstick,West,Net Banking,4,13087.59,52350.36
8,2023-01-08,Books,Non-Fiction,West,UPI,1,19404.22,19404.22
9,2023-01-09,Beauty,Shampoo,South,Credit Card,4,18783.34,75133.36
10,2023-01-10,Clothing,Jacket,North,Net Banking,2,3800.13,7600.26
11,2023-01-11,Books,Education,East,Net Banking,1,12426.13,12426.13
12,2023-01-12,Books,Fiction,North,UPI,2,10590.18,21180.36
13,2023-01-13,Electronics,Phone,North,Debit Card,4,656.64,2626.56
14,2023-01-14,Home & Kitchen,Vacuum Cleaner,East,Debit Card,3,12314.69,36944.07
15,2023-01-15,Home & Kitchen,Vacuum Cleaner,North,UPI,2,1123.98,2247.96
16,2023-01-16,Beauty,Moisturizer,South,UPI,4,7453.96,29815.84
17,2023-01-17,Books,Fiction,South,Net Banking,2,1994.01,3988.02
18,2023-01-18,Clothing,Jeans,South,Net Banking,2,4153.54,8307.08
19,2023-01-19,Sports,Football,East,Debit Card,3,19667.97,59003.91
20,2023-01-20,Electronics,Headphones,West,Cash on Delivery,1,1119.72,1119.72
21,2023-01-21,Electronics,Laptop,East,UPI,3,13670.09,41010.270000000004
22,2023-01-22,Clothing,Jeans,South,Net Banking,1,1488.02,1488.02
23,2023-01-23,Beauty,Perfume,North,Debit Card,4,18855.59,75422.36
24,2023-01-24,Sports,Cricket Bat,East,Net Banking,2,16206.27,32412.54
25,2023-01-25,Clothing,Jeans,West,UPI,1,516.13,516.13
26,2023-01-26,Clothing,Shirt,South,Net Banking,2,13747.81,27495.62
27,2023-01-27,Home & Kitchen,Vacuum Cleaner,North,Net Banking,3,13728.62,41185.86
28,2023-01-28,Home & Kitchen,Vacuum Cleaner,West,UPI,4,10004.5,40018.0
29,2023-01-29,Clothing,Jacket,East,Credit Card,3,3632.62,10897.86
30,2023-01-30,Electronics,Laptop,South,Credit Card,1,5323.84,5323.84
31,2023-01-31,Home & Kitchen,Vacuum Cleaner,South,Debit Card,4,15156.16,60624.64
32,2023-02-01,Beauty,Moisturizer,West,Credit Card,2,10497.35,20994.7
33,2023-02-02,Books,Education,East,Debit Card,2,11440.47,22880.94
34,2023-02-03,Home & Kitchen,Mixer,West,Net Banking,1,19397.78,19397.78
35,2023-02-04,Electronics,Laptop,West,Debit Card,2,9105.13,18210.26
36,2023-02-05,Books,Non-Fiction,North,Cash on Delivery,2,17917.58,35835.16
37,2023-02-06,Sports,Gym Equipment,North,Net Banking,2,14599.99,29199.98
38,2023-02-07,Beauty,Perfume,West,Net Banking,3,1952.15,5856.450000000001
39,2023-02-08,Clothing,Jacket,South,UPI,3,10512.52,31537.56
40,2023-02-09,Home & Kitchen,Cookware,East,Credit Card,2,6641.54,13283.08
41,2023-02-10,Home & Kitchen,Cookware,South,UPI,4,14996.94,59987.76
42,2023-02-11,Electronics,Smartwatch,East,Debit Card,3,16609.0,49827.0
43,2023-02-12,Beauty,Lipstick,South,Credit Card,2,19312.06,38624.12
44,2023-02-13,Clothing,Shirt,East,Cash on Delivery,4,10945.38,43781.52
45,2023-02-14,Electronics,Smartwatch,West,Net Banking,1,6066.22,6066.22
46,2023-02-15,Home & Kitchen,Vacuum Cleaner,North,Debit Card,1,1676.1,1676.1
47,2023-02-16,Books,Fiction,North,Debit Card,3,8583.35,25750.050000000003
48,2023-02-17,Electronics,Headphones,North,Credit Card,1,4134.57,4134.57
49,2023-02-18,Electronics,Headphones,North,Net Banking,4,478.78,1915.12
50,2023-02-19,Home & Kitchen,Vacuum Cleaner,West,Net Banking,3,14195.78,42587.340000000004
51,2023-02-20,Home & Kitchen,Mixer,West,Cash on Delivery,3,15845.48,47536.44
52,2023-02-21,Beauty,Moisturizer,South,Net Banking,3,1666.08,4998.24
53,2023-02-22,Books,Non-Fiction,South,Debit Card,3,13091.33,39273.99
54,2023-02-23,Beauty,Shampoo,East,Credit Card,4,17289.45,69157.8
55,2023-02-24,Home & Kitchen,Mixer,South,Credit Card,4,9099.12,36396.48
56,2023-02-25,Sports,Cricket Bat,West,Debit Card,1,1458.46,1458.46
57,2023-02-26,Books,Comics,East,Debit Card,3,13443.06,40329.18
58,2023-02-27,Home & Kitchen,Vacuum Cleaner,North,Net Banking,1,14646.2,14646.2
59,2023-02-28,Sports,Cricket Bat,East,Cash on Delivery,4,5639.49,22557.96
60,2023-03-01,Beauty,Perfume,East,Credit Card,3,9549.86,28649.58
61,2023-03-02,Beauty,Lipstick,North,Credit Card,1,19439.9,19439.9
62,2023-03-03,Home & Kitchen,Toaster,West,Credit Card,3,15263.54,45790.62
63,2023-03-04,Books,Education,West,Cash on Delivery,2,4872.5,9745.0
64,2023-03-05,Books,Non-Fiction,West,Net Banking,2,9977.15,19954.3
65,2023-03-06,Electronics,Phone,West,Net Banking,1,14271.13,14271.13
66,2023-03-07,Clothing,Shoes,North,Credit Card,2,703.3,1406.6
67,2023-03-08,Sports,Tennis Racket,West,Debit Card,1,4194.04,4194.04
68,2023-03-09,Clothing,Shoes,North,UPI,4,12800.93,51203.72
69,2023-03-10,Sports,Gym Equipment,South,Credit Card,4,11352.86,45411.44
70,2023-03-11,Home & Kitchen,Mixer,North,Credit Card,4,18169.82,72679.28
71,2023-03-12,Electronics,Phone,East,UPI,3,12167.46,36502.38
72,2023-03-13,Sports,Tennis Racket,East,UPI,3,15159.91,45479.729999999996
73,2023-03-14,Sports,Tennis Racket,East,Credit Card,4,18868.5,75474.0
74,2023-03-15,Electronics,Headphones,East,Debit Card,3,5937.08,17811.239999999998
75,2023-03-16,Books,Education,East,UPI,2,17633.26,35266.52
76,2023-03-17,Books,Education,South,UPI,2,16200.78,32401.56
77,2023-03-18,Beauty,Moisturizer,North,UPI,1,2288.79,2288.79
78,2023-03-19,Electronics,Smartwatch,South,Debit Card,4,16112.71,64450.84
79,2023-03-20,Home & Kitchen,Toaster,West,Debit Card,4,8446.9,33787.6
80,2023-03-21,Home & Kitchen,Toaster,South,UPI,2,10878.98,21757.96
81,2023-03-22,Clothing,Jeans,South,UPI,2,2617.34,5234.68
82,2023-03-23,Books,Non-Fiction,East,Credit Card,1,6496.47,6496.47
83,2023-03-24,Books,Fiction,West,Debit Card,1,5588.22,5588.22
84,2023-03-25,Books,Fiction,East,Debit Card,3,8656.73,25970.19
85,2023-03-26,Books,Non-Fiction,West,Debit Card,4,7180.86,28723.44
86,2023-03-27,Books,Comics,North,UPI,3,337.65,1012.9499999999999
87,2023-03-28,Electronics,Laptop,South,Debit Card,4,10774.97,43099.88
88,2023-03-29,Electronics,Headphones,South,Debit Card,2,4597.73,9195.46
89,2023-03-30,Home & Kitchen,Mixer,West,Debit Card,3,5534.36,16603.079999999998
90,2023-03-31,Sports,Cricket Bat,North,UPI,4,18869.61,75478.44
91,2023-04-01,Electronics,Laptop,South,Cash on Delivery,2,4531.53,9063.06
92,2023-04-02,Clothing,Jeans,North,Credit Card,4,14119.78,56479.12
93,2023-04-03,Home & Kitchen,Toaster,South,Credit Card,1,1484.87,1484.87
94,2023-04-04,Electronics,Laptop,West,Credit Card,2,19256.46,38512.92
95,2023-04-05,Books,Fiction,East,Credit Card,2,13986.82,27973.64
96,2023-04-06,Books,Fiction,West,Net Banking,3,6157.39,18472.170000000002
97,2023-04-07,Home & Kitchen,Cookware,West,Debit Card,1,19955.26,19955.26
98,2023-04-08,Home & Kitchen,Cookware,East,Debit Card,3,12269.37,36808.11
99,2023-04-09,Beauty,Shampoo,West,Credit Card,2,8338.53,16677.06
100,2023-04-10,Clothing,Jeans,West,Credit Card,3,5717.2,17151.6
101,2023-04-11,Beauty,Perfume,East,UPI,1,12760.16,12760.16
102,2023-04-12,Books,Comics,West,Credit Card,2,3068.92,6137.84
103,2023-04-13,Beauty,Lipstick,North,Cash on Delivery,4,9066.11,36264.44
104,2023-04-14,Sports,Gym Equipment,South,Cash on Delivery,2,4992.69,9985.38
105,2023-04-15,Clothing,Shoes,East,Debit Card,4,1800.9,7203.6
106,2023-04-16,Clothing,Shirt,North,Credit Card,4,4905.22,19620.88
107,2023-04-17,Home & Kitchen,Vacuum Cleaner,North,Debit Card,3,16102.17,48306.51
108,2023-04-18,Books,Fiction,South,Cash on Delivery,1,12719.66,12719.66
109,2023-04-19,Clothing,Shoes,East,UPI,2,8096.72,16193.44
110,2023-04-20,Clothing,Shirt,West,Cash on Delivery,3,1987.74,5963.22
111,2023-04-21,Books,Non-Fiction,South,Cash on Delivery,1,3184.21,3184.21
112,2023-04-22,Sports,Tennis Racket,West,Debit Card,3,3893.07,11679.210000000001
113,2023-04-23,Clothing,Shirt,South,Cash on Delivery,1,17195.5,17195.5
114,2023-04-24,Sports,Gym Equipment,South,UPI,4,13615.77,54463.08
115,2023-04-25,Beauty,Shampoo,West,Cash on Delivery,3,14280.76,42842.28
116,2023-04-26,Electronics,Headphones,West,UPI,3,4684.62,14053.86
117,2023-04-27,Books,Fiction,North,UPI,4,2104.3,8417.2
118,2023-04-28,Electronics,Phone,South,Debit Card,1,13880.57,13880.57
119,2023-04-29,Clothing,Jacket,South,Cash on Delivery,4,10451.48,41805.92
120,2023-04-30,Sports,Football,East,Debit Card,4,2922.91,11691.64
121,2023-05-01,Beauty,Lipstick,East,Net Banking,4,14757.28,59029.12
122,2023-05-02,Books,Non-Fiction,South,Net Banking,2,18508.93,37017.86
123,2023-05-03,Electronics,Smartwatch,East,Cash on Delivery,2,13976.53,27953.06
124,2023-05-04,Sports,Football,South,Net Banking,3,13267.68,39803.04
125,2023-05-05,Clothing,Shirt,South,Cash on Delivery,2,19646.93,39293.86
126,2023-05-06,Sports,Tennis Racket,South,Net Banking,4,10687.08,42748.32
127,2023-05-07,Books,Non-Fiction,North,UPI,2,19925.82,39851.64
128,2023-05-08,Home & Kitchen,Mixer,South,Cash on Delivery,2,17964.87,35929.74
129,2023-05-09,Beauty,Moisturizer,West,Debit Card,1,17676.2,17676.2
130,2023-05-10,Sports,Gym Equipment,East,UPI,3,6912.79,20738.37
131,2023-05-11,Clothing,Jeans,East,Cash on Delivery,3,14067.09,42201.270000000004
132,2023-05-12,Home & Kitchen,Vacuum Cleaner,South,Net Banking,4,17962.78,71851.12
133,2023-05-13,Clothing,Shoes,South,Credit Card,4,8209.26,32837.04
134,2023-05-14,Home & Kitchen,Vacuum Cleaner,North,UPI,1,12912.23,12912.23
135,2023-05-15,Home & Kitchen,Vacuum Cleaner,West,Net Banking,3,18725.57,56176.71
136,2023-05-16,Electronics,Smartwatch,East,Debit Card,4,17991.37,71965.48
137,2023-05-17,Beauty,Moisturizer,West,Debit Card,4,11697.6,46790.4
138,2023-05-18,Electronics,Smartwatch,West,Cash on Delivery,4,2209.14,8836.56
139,2023-05-19,Clothing,Jeans,West,Debit Card,3,19478.54,58435.62
140,2023-05-20,Sports,Tennis Racket,South,UPI,2,3384.0,6768.0
141,2023-05-21,Electronics,Phone,North,Debit Card,2,9815.15,19630.3
142,2023-05-22,Clothing,Shoes,West,Cash on Delivery,3,13108.83,39326.49
143,2023-05-23,Home & Kitchen,Vacuum Cleaner,East,Net Banking,1,3683.32,3683.32
144,2023-05-24,Beauty,Shampoo,South,UPI,4,4897.53,19590.12
145,2023-05-25,Books,Non-Fiction,East,Net Banking,1,3740.69,3740.69
146,2023-05-26,Clothing,Jacket,South,UPI,4,13062.73,52250.92
147,2023-05-27,Books,Fiction,West,Debit Card,3,14474.61,43423.83
148,2023-05-28,Clothing,Jacket,West,Cash on Delivery,4,11452.51,45810.04
149,2023-05-29,Electronics,Phone,South,Credit Card,4,10274.52,41098.08
150,2023-05-30,Sports,Gym Equipment,South,Debit Card,2,5451.01,10902.02
151,2023-05-31,Sports,Cricket Bat,East,Credit Card,2,11879.44,23758.88
152,2023-06-01,Sports,Gym Equipment,East,Net Banking,2,7983.33,15966.66
153,2023-06-02,Electronics,Smartwatch,North,Debit Card,2,18140.76,36281.52
154,2023-06-03,Home & Kitchen,Mixer,South,UPI,3,15937.26,47811.78
155,2023-06-04,Books,Fiction,North,Net Banking,2,12973.05,25946.1
156,2023-06-05,Clothing,Jeans,North,Net Banking,3,9951.85,29855.550000000003
157,2023-06-06,Beauty,Lipstick,East,Cash on Delivery,1,4757.67,4757.67
158,2023-06-07,Books,Comics,South,Credit Card,4,5759.29,23037.16
159,2023-06-08,Books,Non-Fiction,East,UPI,3,15417.37,46252.11
160,2023-06-09,Beauty,Perfume,East,Credit Card,4,3706.79,14827.16
161,2023-06-10,Electronics,Laptop,West,Debit Card,4,9504.9,38019.6
162,2023-06-11,Books,Education,South,Credit Card,2,18314.31,36628.62
163,2023-06-12,Electronics,Smartwatch,North,Net Banking,3,15004.83,45014.49
164,2023-06-13,Books,Non-Fiction,South,UPI,1,18580.71,18580.71
165,2023-06-14,Beauty,Lipstick,South,Cash on Delivery,1,11144.75,11144.75
166,2023-06-15,Home & Kitchen,Cookware,West,Cash on Delivery,3,19279.68,57839.04
167,2023-06-16,Beauty,Perfume,West,Credit Card,1,1691.86,1691.86
168,2023-06-17,Home & Kitchen,Mixer,East,UPI,1,7824.94,7824.94
169,2023-06-18,Beauty,Shampoo,South,Net Banking,3,5515.8,16547.4
170,2023-06-19,Home & Kitchen,Cookware,East,UPI,3,3555.96,10667.880000000001
171,2023-06-20,Beauty,Lipstick,North,UPI,1,8014.89,8014.89
172,2023-06-21,Beauty,Moisturizer,East,Net Banking,2,13981.39,27962.78
173,2023-06-22,Beauty,Perfume,West,Net Banking,4,1594.24,6376.96
174,2023-06-23,Clothing,Shoes,West,Net Banking,2,12377.14,24754.28
175,2023-06-24,Beauty,Shampoo,South,Cash on Delivery,2,7301.21,14602.42
176,2023-06-25,Sports,Gym Equipment,West,UPI,3,10462.93,31388.79
177,2023-06-26,Electronics,Smartwatch,North,UPI,2,6586.51,13173.02
178,2023-06-27,Books,Fiction,North,Net Banking,4,14000.91,56003.64
179,2023-06-28,Beauty,Lipstick,North,Net Banking,3,14236.44,42709.32
180,2023-06-29,Clothing,Shoes,East,Credit Card,3,6013.12,18039.36
181,2023-06-30,Electronics,Headphones,West,Debit Card,3,8511.66,25534.98
182,2023-07-01,Books,Education,South,UPI,2,17368.03,34736.06
183,2023-07-02,Sports,Tennis Racket,North,Debit Card,1,1815.56,1815.56
184,2023-07-03,Sports,Gym Equipment,West,UPI,3,10130.02,30390.06
185,2023-07-04,Clothing,Shoes,North,Cash on Delivery,1,4046.62,4046.62
186,2023-07-05,Sports,Tennis Racket,South,Cash on Delivery,4,14098.94,56395.76
187,2023-07-06,Home & Kitchen,Toaster,North,Credit Card,4,1205.22,4820.88
188,2023-07-07,Home & Kitchen,Toaster,West,Credit Card,3,6892.3,20676.9
189,2023-07-08,Beauty,Lipstick,North,UPI,4,11661.52,46646.08
190,2023-07-09,Clothing,Jacket,West,Credit Card,4,11649.95,46599.8
191,2023-07-10,Clothing,Jacket,West,Credit Card,2,6697.42,13394.84
192,2023-07-11,Clothing,Jacket,West,Net Banking,2,10944.36,21888.72
193,2023-07-12,Electronics,Phone,South,Net Banking,1,16810.88,16810.88
194,2023-07-13,Home & Kitchen,Toaster,South,Net Banking,2,803.9,1607.8
195,2023-07-14,Sports,Football,East,Credit Card,4,968.93,3875.72
196,2023-07-15,Clothing,Jeans,East,Credit Card,3,7331.77,21995.31
197,2023-07-16,Beauty,Moisturizer,East,Net Banking,4,6667.69,26670.76
198,2023-07-17,Books,Education,South,Cash on Delivery,4,15445.87,61783.48
199,2023-07-18,Beauty,Perfume,West,Debit Card,4,19311.99,77247.96
200,2023-07-19,Home & Kitchen,Toaster,South,Credit Card,3,1889.88,5669.64
201,2023-07-20,Electronics,Phone,North,UPI,1,4048.72,4048.72
202,2023-07-21,Clothing,Shirt,South,Debit Card,2,10904.58,21809.16
203,2023-07-22,Sports,Gym Equipment,East,Net Banking,3,2939.39,8818.17
204,2023-07-23,Sports,Football,South,UPI,4,19521.87,78087.48
205,2023-07-24,Beauty,Perfume,South,UPI,4,14348.98,57395.92
206,2023-07-25,Clothing,Shoes,West,UPI,3,15944.69,47834.07
207,2023-07-26,Clothing,Shirt,East,Credit Card,3,8783.71,26351.129999999997
208,2023-07-27,Clothing,Shirt,West,Credit Card,2,1753.44,3506.88
209,2023-07-28,Beauty,Lipstick,West,Credit Card,1,3849.81,3849.81
210,2023-07-29,Electronics,Phone,East,Cash on Delivery,2,16752.41,33504.82
211,2023-07-30,Beauty,Moisturizer,West,Net Banking,1,13832.3,13832.3
212,2023-07-31,Electronics,Headphones,North,UPI,1,3631.23,3631.23
213,2023-08-01,Sports,Gym Equipment,West,Net Banking,1,8958.57,8958.57
214,2023-08-02,Sports,Cricket Bat,West,Cash on Delivery,4,11074.69,44298.76
215,2023-08-03,Home & Kitchen,Vacuum Cleaner,North,Cash on Delivery,4,3820.75,15283.0
216,2023-08-04,Beauty,Shampoo,East,UPI,1,5742.69,5742.69
217,2023-08-05,Books,Comics,North,UPI,4,10430.59,41722.36
218,2023-08-06,Sports,Football,West,UPI,4,11176.21,44704.84
219,2023-08-07,Clothing,Jeans,West,Net Banking,2,14654.78,29309.56
220,2023-08-08,Electronics,Phone,West,Net Banking,3,5105.07,15315.21
221,2023-08-09,Home & Kitchen,Mixer,West,Credit Card,4,3341.2,13364.8
222,2023-08-10,Home & Kitchen,Mixer,West,UPI,2,484.99,969.98
223,2023-08-11,Sports,Cricket Bat,West,UPI,2,2017.62,4035.24
224,2023-08-12,Books,Education,West,UPI,3,1006.43,3019.29
225,2023-08-13,Beauty,Moisturizer,North,Debit Card,2,19594.31,39188.62
226,2023-08-14,Home & Kitchen,Cookware,South,Credit Card,1,9588.64,9588.64
227,2023-08-15,Clothing,Shirt,East,Net Banking,2,15314.62,30629.24
228,2023-08-16,Electronics,Phone,North,Debit Card,1,9574.74,9574.74
229,2023-08-17,Home & Kitchen,Toaster,East,Credit Card,1,9400.54,9400.54
230,2023-08-18,Sports,Cricket Bat,West,Credit Card,1,8090.39,8090.39
231,2023-08-19,Sports,Cricket Bat,South,Net Banking,2,18993.09,37986.18
232,2023-08-20,Beauty,Moisturizer,South,Cash on Delivery,4,1097.02,4388.08
233,2023-08-21,Books,Comics,East,UPI,3,503.03,1509.09
234,2023-08-22,Clothing,Jeans,East,Cash on Delivery,3,10162.1,30486.300000000003
235,2023-08-23,Beauty,Shampoo,North,Credit Card,1,10879.67,10879.67
236,2023-08-24,Books,Fiction,South,Net Banking,1,3426.1,3426.1
237,2023-08-25,Books,Comics,South,Credit Card,4,18889.05,75556.2
238,2023-08-26,Clothing,Jacket,North,Cash on Delivery,2,724.92,1449.84
239,2023-08-27,Clothing,Shoes,North,Debit Card,4,12800.79,51203.16
240,2023-08-28,Books,Non-Fiction,South,Credit Card,4,11594.39,46377.56
241,2023-08-29,Clothing,Jacket,South,Credit Card,2,11552.67,23105.34
242,2023-08-30,Home & Kitchen,Cookware,North,Credit Card,1,9273.41,9273.41
243,2023-08-31,Books,Comics,South,Debit Card,3,16448.66,49345.979999999996
244,2023-09-01,Clothing,Shirt,North,Cash on Delivery,4,7844.83,31379.32
245,2023-09-02,Clothing,Jeans,West,Cash on Delivery,1,13099.4,13099.4
246,2023-09-03,Home & Kitchen,Toaster,East,UPI,3,4076.66,12229.98
247,2023-09-04,Clothing,Jacket,East,UPI,1,4448.86,4448.86
248,2023-09-05,Electronics,Laptop,East,Debit Card,2,560.79,1121.58
249,2023-09-06,Clothing,Shoes,North,Cash on Delivery,3,12441.43,37324.29
250,2023-09-07,Electronics,Headphones,North,Credit Card,3,1609.54,4828.62
251,2023-09-08,Electronics,Headphones,South,Net Banking,4,7830.85,31323.4
252,2023-09-09,Sports,Cricket Bat,North,Debit Card,2,660.78,1321.56
253,2023-09-10,Home & Kitchen,Toaster,North,Net Banking,2,5361.75,10723.5
254,2023-09-11,Home & Kitchen,Vacuum Cleaner,South,Net Banking,3,2539.66,7618.98
255,2023-09-12,Electronics,Laptop,East,Credit Card,1,7097.06,7097.06
256,2023-09-13,Home & Kitchen,Vacuum Cleaner,North,Credit Card,3,17573.95,52721.850000000006
257,2023-09-14,Clothing,Jacket,North,Cash on Delivery,4,8475.33,33901.32
258,2023-09-15,Beauty,Shampoo,East,Cash on Delivery,1,5784.28,5784.28
259,2023-09-16,Clothing,Shirt,North,UPI,2,8584.72,17169.44
260,2023-09-17,Home & Kitchen,Cookware,North,Debit Card,4,16175.33,64701.32
261,2023-09-18,Home & Kitchen,Toaster,West,Cash on Delivery,1,14686.63,14686.63
262,2023-09-19,Books,Comics,North,UPI,4,7565.96,30263.84
263,2023-09-20,Home & Kitchen,Mixer,North,UPI,3,11694.77,35084.31
264,2023-09-21,Sports,Gym Equipment,North,Net Banking,3,18629.0,55887.0
265,2023-09-22,Sports,Tennis Racket,West,Cash on Delivery,1,4924.22,4924.22
266,2023-09-23,Electronics,Smartwatch,East,Debit Card,3,15067.25,45201.75
267,2023-09-24,Sports,Football,North,UPI,1,4917.08,4917.08
268,2023-09-25,Electronics,Phone,West,Debit Card,2,18070.55,36141.1
269,2023-09-26,Sports,Gym Equipment,West,Cash on Delivery,2,10031.91,20063.82
270,2023-09-27,Clothing,Shoes,East,Net Banking,1,6536.98,6536.98
271,2023-09-28,Electronics,Laptop,West,Cash on Delivery,3,2179.7,6539.099999999999
272,2023-09-29,Electronics,Smartwatch,East,Net Banking,4,414.59,1658.36
273,2023-09-30,Clothing,Shoes,West,Debit Card,1,16973.43,16973.43
274,2023-10-01,Clothing,Jeans,West,Credit Card,1,6522.41,6522.41
275,2023-10-02,Home & Kitchen,Toaster,East,Credit Card,2,13600.04,27200.08
276,2023-10-03,Home & Kitchen,Vacuum Cleaner,West,Debit Card,4,11554.07,46216.28
277,2023-10-04,Electronics,Laptop,East,UPI,3,1849.03,5547.09
278,2023-10-05,Clothing,Shoes,South,Net Banking,1,6005.57,6005.57
279,2023-10-06,Books,Non-Fiction,East,Debit Card,1,11163.32,11163.32
280,2023-10-07,Home & Kitchen,Vacuum Cleaner,West,Debit Card,1,15097.02,15097.02
281,2023-10-08,Electronics,Phone,North,Credit Card,3,15669.66,47008.979999999996
282,2023-10-09,Clothing,Jeans,North,Net Banking,3,2005.88,6017.64
283,2023-10-10,Sports,Gym Equipment,East,Debit Card,2,19490.11,38980.22
284,2023-10-11,Electronics,Headphones,South,Net Banking,2,11080.67,22161.34
285,2023-10-12,Beauty,Moisturizer,East,Net Banking,1,14793.3,14793.3
286,2023-10-13,Electronics,Phone,North,Debit Card,1,7148.12,7148.12
287,2023-10-14,Beauty,Lipstick,West,Net Banking,2,19379.31,38758.62
288,2023-10-15,Sports,Football,West,UPI,1,15277.91,15277.91
289,2023-10-16,Books,Fiction,South,Debit Card,4,17364.0,69456.0
290,2023-10-17,Electronics,Smartwatch,West,UPI,2,1865.31,3730.62
291,2023-10-18,Clothing,Shirt,West,Net Banking,1,4607.01,4607.01
292,2023-10-19,Electronics,Headphones,East,Cash on Delivery,1,16472.83,16472.83
293,2023-10-20,Electronics,Laptop,East,Cash on Delivery,2,3102.78,6205.56
294,2023-10-21,Beauty,Shampoo,East,UPI,1,1879.79,1879.79
295,2023-10-22,Sports,Gym Equipment,South,Cash on Delivery,3,11709.85,35129.55
296,2023-10-23,Electronics,Smartwatch,South,Cash on Delivery,1,7538.71,7538.71
297,2023-10-24,Electronics,Smartwatch,North,UPI,4,4886.37,19545.48
298,2023-10-25,Sports,Cricket Bat,North,Credit Card,3,19722.82,59168.46
299,2023-10-26,Beauty,Moisturizer,East,Cash on Delivery,4,7134.32,28537.28
300,2023-10-27,Clothing,Shoes,East,UPI,4,1853.31,7413.24
301,2023-10-28,Books,Non-Fiction,South,Credit Card,1,7684.15,7684.15
302,2023-10-29,Sports,Tennis Racket,South,UPI,3,8599.6,25798.800000000003
303,2023-10-30,Electronics,Headphones,East,UPI,2,6739.0,13478.0
304,2023-10-31,Books,Non-Fiction,West,Credit Card,2,9953.98,19907.96
305,2023-11-01,Beauty,Lipstick,North,UPI,1,8223.0,8223.0
306,2023-11-02,Electronics,Laptop,South,Debit Card,2,1314.8,2629.6
307,2023-11-03,Sports,Football,North,UPI,4,15390.46,61561.84
308,2023-11-04,Books,Fiction,South,Net Banking,3,13054.36,39163.08
309,2023-11-05,Sports,Tennis Racket,South,Net Banking,1,13684.58,13684.58
310,2023-11-06,Home & Kitchen,Mixer,South,Net Banking,4,19251.02,77004.08
311,2023-11-07,Electronics,Smartwatch,East,UPI,3,9658.75,28976.25
312,2023-11-08,Electronics,Laptop,West,Debit Card,1,17398.26,17398.26
313,2023-11-09,Electronics,Phone,South,Net Banking,2,8839.45,17678.9
314,2023-11-10,Home & Kitchen,Toaster,North,Cash on Delivery,2,440.66,881.32
315,2023-11-11,Home & Kitchen,Cookware,East,Debit Card,4,11208.9,44835.6
316,2023-11-12,Home & Kitchen,Toaster,South,Debit Card,3,17844.63,53533.89
317,2023-11-13,Electronics,Phone,South,Debit Card,2,18507.94,37015.88
318,2023-11-14,Sports,Cricket Bat,East,Net Banking,4,1661.17,6644.68
319,2023-11-15,Home & Kitchen,Mixer,East,Cash on Delivery,3,13969.14,41907.42
320,2023-11-16,Home & Kitchen,Cookware,North,UPI,1,10557.34,10557.34
321,2023-11-17,Electronics,Smartwatch,East,Credit Card,1,4492.82,4492.82
322,2023-11-18,Sports,Gym Equipment,East,Credit Card,3,9199.91,27599.73
323,2023-11-19,Books,Comics,West,Debit Card,1,13999.12,13999.12
324,2023-11-20,Electronics,Phone,South,Credit Card,3,18042.93,54128.79
325,2023-11-21,Books,Comics,West,Debit Card,1,18322.04,18322.04
326,2023-11-22,Sports,Football,North,Cash on Delivery,2,19018.15,38036.3
327,2023-11-23,Books,Comics,East,Cash on Delivery,4,8011.53,32046.12
328,2023-11-24,Books,Fiction,West,Credit Card,4,12478.63,49914.52
329,2023-11-25,Beauty,Lipstick,South,Net Banking,4,3559.66,14238.64
330,2023-11-26,Electronics,Laptop,East,Credit Card,4,9381.23,37524.92
331,2023-11-27,Electronics,Laptop,South,UPI,2,4742.02,9484.04
332,2023-11-28,Electronics,Smartwatch,South,Net Banking,4,1739.15,6956.6
333,2023-11-29,Sports,Football,North,Net Banking,1,5347.01,5347.01
334,2023-11-30,Home & Kitchen,Toaster,South,UPI,3,14023.6,42070.8
335,2023-12-01,Electronics,Laptop,North,UPI,1,5739.32,5739.32
336,2023-12-02,Sports,Tennis Racket,West,Credit Card,1,16313.14,16313.14
337,2023-12-03,Sports,Football,East,Credit Card,4,5564.96,22259.84
338,2023-12-04,Clothing,Jeans,North,Debit Card,1,18236.36,18236.36
339,2023-12-05,Clothing,Shoes,West,Credit Card,1,18822.53,18822.53
340,2023-12-06,Electronics,Headphones,East,Cash on Delivery,3,14569.25,43707.75
341,2023-12-07,Beauty,Perfume,North,Net Banking,3,18399.7,55199.100000000006
342,2023-12-08,Beauty,Perfume,West,Net Banking,2,18668.02,37336.04
343,2023-12-09,Beauty,Perfume,West,Debit Card,2,11121.44,22242.88
344,2023-12-10,Sports,Cricket Bat,South,UPI,1,722.07,722.07
345,2023-12-11,Sports,Cricket Bat,West,Cash on Delivery,1,15596.53,15596.53
346,2023-12-12,Home & Kitchen,Toaster,North,Debit Card,2,19748.07,39496.14
347,2023-12-13,Clothing,Jacket,South,Credit Card,1,7659.43,7659.43
348,2023-12-14,Books,Fiction,South,Net Banking,2,7741.64,15483.28
349,2023-12-15,Beauty,Perfume,West,Debit Card,2,16617.45,33234.9
350,2023-12-16,Sports,Gym Equipment,West,Credit Card,1,16798.91,16798.91
351,2023-12-17,Clothing,Jeans,South,Credit Card,2,929.07,1858.14
352,2023-12-18,Clothing,Jeans,West,Cash on Delivery,3,5613.46,16840.38
353,2023-12-19,Electronics,Headphones,West,Debit Card,4,1692.11,6768.44
354,2023-12-20,Clothing,Jacket,South,Net Banking,4,16295.44,65181.76
355,2023-12-21,Sports,Cricket Bat,East,Cash on Delivery,3,15048.23,45144.69
356,2023-12-22,Clothing,Shirt,North,Cash on Delivery,3,11197.55,33592.649999999994
357,2023-12-23,Sports,Tennis Racket,West,Debit Card,1,14577.19,14577.19
358,2023-12-24,Electronics,Headphones,South,Debit Card,2,17023.02,34046.04
359,2023-12-25,Home & Kitchen,Mixer,East,Net Banking,1,4973.48,4973.48
360,2023-12-26,Clothing,Jacket,North,Credit Card,1,2757.36,2757.36
361,2023-12-27,Clothing,Jeans,West,Debit Card,3,5639.69,16919.07
362,2023-12-28,Clothing,Shirt,East,UPI,4,4727.13,18908.52
363,2023-12-29,Sports,Football,South,Debit Card,1,15188.58,15188.58
364,2023-12-30,Books,Comics,South,Cash on Delivery,2,7291.62,14583.24
365,2023-12-31,Beauty,Lipstick,East,Debit Card,4,639.26,2557.04
366,2024-01-01,Clothing,Jacket,West,Cash on Delivery,2,10502.09,21004.18
367,2024-01-02,Books,Non-Fiction,West,Credit Card,2,16661.16,33322.32
368,2024-01-03,Clothing,Shirt,West,Credit Card,2,17073.19,34146.38
369,2024-01-04,Clothing,Shoes,South,Cash on Delivery,2,19365.88,38731.76
370,2024-01-05,Books,Comics,South,Cash on Delivery,2,17557.74,35115.48
371,2024-01-06,Electronics,Phone,West,Credit Card,1,11881.13,11881.13
372,2024-01-07,Home & Kitchen,Vacuum Cleaner,South,Cash on Delivery,3,769.9,2309.7
373,2024-01-08,Clothing,Jacket,West,Credit Card,3,15736.43,47209.29
374,2024-01-09,Sports,Tennis Racket,West,UPI,2,14140.78,28281.56
375,2024-01-10,Sports,Gym Equipment,South,Net Banking,3,18082.39,54247.17
376,2024-01-11,Beauty,Lipstick,North,Net Banking,4,487.98,1951.92
377,2024-01-12,Sports,Gym Equipment,West,Net Banking,2,12240.14,24480.28
378,2024-01-13,Electronics,Smartwatch,West,Debit Card,2,7966.43,15932.86
379,2024-01-14,Books,Education,South,UPI,3,2001.84,6005.5199999999995
380,2024-01-15,Sports,Cricket Bat,North,Net Banking,2,7095.46,14190.92
381,2024-01-16,Beauty,Moisturizer,East,Net Banking,2,9128.03,18256.06
382,2024-01-17,Books,Fiction,East,Net Banking,3,8051.55,24154.65
383,2024-01-18,Home & Kitchen,Cookware,East,Net Banking,3,10567.33,31701.989999999998
384,2024-01-19,Sports,Tennis Racket,South,Cash on Delivery,1,19000.51,19000.51
385,2024-01-20,Sports,Gym Equipment,North,Cash on Delivery,4,9295.07,37180.28
386,2024-01-21,Beauty,Shampoo,South,Debit Card,1,9943.9,9943.9
387,2024-01-22,Home & Kitchen,Vacuum Cleaner,West,Credit Card,4,1511.47,6045.88
388,2024-01-23,Beauty,Perfume,North,Credit Card,1,19604.64,19604.64
389,2024-01-24,Sports,Cricket Bat,North,Debit Card,1,7078.79,7078.79
390,2024-01-25,Beauty,Shampoo,East,Net Banking,2,12741.34,25482.68
391,2024-01-26,Home & Kitchen,Toaster,South,Net Banking,4,6962.95,27851.8
392,2024-01-27,Electronics,Laptop,West,Debit Card,3,2751.82,8255.460000000001
393,2024-01-28,Electronics,Headphones,South,UPI,3,11778.37,35335.11
394,2024-01-29,Electronics,Headphones,South,Cash on Delivery,3,2948.78,8846.34
395,2024-01-30,Books,Non-Fiction,North,UPI,4,3765.33,15061.32
396,2024-01-31,Clothing,Shoes,East,Debit Card,4,7044.21,28176.84
397,2024-02-01,Sports,Cricket Bat,West,Credit Card,3,17511.49,52534.47
398,2024-02-02,Home & Kitchen,Toaster,West,Credit Card,3,13417.64,40252.92
399,2024-02-03,Clothing,Jeans,East,Credit Card,2,12118.32,24236.64
400,2024-02-04,Electronics,Phone,West,Cash on Delivery,3,1009.2,3027.6000000000004
401,2024-02-05,Sports,Cricket Bat,West,Debit Card,1,7032.64,7032.64
402,2024-02-06,Home & Kitchen,Cookware,West,Net Banking,2,3704.81,7409.62
403,2024-02-07,Electronics,Headphones,North,Debit Card,1,11064.56,11064.56
404,2024-02-08,Electronics,Headphones,South,Cash on Delivery,1,9323.42,9323.42
405,2024-02-09,Sports,Football,East,Credit Card,2,17905.5,35811.0
406,2024-02-10,Sports,Tennis Racket,West,Credit Card,1,10167.66,10167.66
407,2024-02-11,Books,Non-Fiction,North,Net Banking,1,6567.34,6567.34
408,2024-02-12,Clothing,Jacket,East,Debit Card,2,16028.33,32056.66
409,2024-02-13,Electronics,Headphones,West,Net Banking,1,13818.14,13818.14
410,2024-02-14,Clothing,Jeans,West,Cash on Delivery,4,17496.86,69987.44
411,2024-02-15,Sports,Cricket Bat,South,Net Banking,3,7670.26,23010.78
412,2024-02-16,Books,Education,West,UPI,1,5682.18,5682.18
413,2024-02-17,Beauty,Shampoo,West,UPI,1,1873.44,1873.44
414,2024-02-18,Books,Comics,North,Credit Card,3,3853.52,11560.56
415,2024-02-19,Electronics,Smartwatch,East,Credit Card,3,10824.49,32473.47
416,2024-02-20,Electronics,Headphones,East,Credit Card,4,9793.56,39174.24
417,2024-02-21,Beauty,Shampoo,North,Credit Card,2,15247.12,30494.24
418,2024-02-22,Beauty,Moisturizer,East,Debit Card,2,9358.19,18716.38
419,2024-02-23,Books,Non-Fiction,North,Credit Card,1,1434.36,1434.36
420,2024-02-24,Books,Education,West,Net Banking,3,5198.25,15594.75
421,2024-02-25,Home & Kitchen,Vacuum Cleaner,North,Credit Card,3,13805.88,41417.64
422,2024-02-26,Beauty,Perfume,North,Cash on Delivery,3,10331.21,30993.629999999997
423,2024-02-27,Electronics,Headphones,South,Net Banking,3,803.35,2410.05
424,2024-02-28,Clothing,Jeans,South,Net Banking,2,9058.76,18117.52
425,2024-02-29,Beauty,Moisturizer,South,Cash on Delivery,3,8063.84,24191.52
426,2024-03-01,Home & Kitchen,Toaster,North,Debit Card,4,5531.02,22124.08
427,2024-03-02,Home & Kitchen,Vacuum Cleaner,South,Net Banking,1,3809.22,3809.22
428,2024-03-03,Beauty,Moisturizer,North,Debit Card,3,6577.17,19731.510000000002
429,2024-03-04,Electronics,Smartwatch,South,Credit Card,3,1966.25,5898.75
430,2024-03-05,Books,Comics,North,Cash on Delivery,2,2571.29,5142.58
431,2024-03-06,Home & Kitchen,Cookware,South,Debit Card,1,6989.95,6989.95
432,2024-03-07,Books,Non-Fiction,North,Net Banking,1,13646.23,13646.23
433,2024-03-08,Beauty,Perfume,North,Debit Card,3,13046.69,39140.07
434,2024-03-09,Home & Kitchen,Mixer,South,Credit Card,2,1921.02,3842.04
435,2024-03-10,Clothing,Jeans,East,Cash on Delivery,3,14789.09,44367.270000000004
436,2024-03-11,Books,Comics,North,Credit Card,3,14959.7,44879.100000000006
437,2024-03-12,Books,Fiction,West,Credit Card,1,11376.28,11376.28
438,2024-03-13,Clothing,Jeans,South,Net Banking,2,5818.76,11637.52
439,2024-03-14,Home & Kitchen,Vacuum Cleaner,West,Net Banking,2,18013.02,36026.04
440,2024-03-15,Home & Kitchen,Toaster,South,Cash on Delivery,4,11501.41,46005.64
441,2024-03-16,Home & Kitchen,Cookware,East,Cash on Delivery,4,10065.3,40261.2
442,2024-03-17,Books,Non-Fiction,South,Cash on Delivery,2,12194.34,24388.68
443,2024-03-18,Home & Kitchen,Toaster,East,Cash on Delivery,1,349.18,349.18
444,2024-03-19,Clothing,Shoes,North,Credit Card,1,3226.61,3226.61
445,2024-03-20,Sports,Gym Equipment,South,Credit Card,3,9858.63,29575.89
446,2024-03-21,Clothing,Shirt,West,Net Banking,2,3894.03,7788.06
447,2024-03-22,Sports,Gym Equipment,North,Credit Card,2,16156.12,32312.24
448,2024-03-23,Sports,Football,East,Net Banking,4,17955.96,71823.84
449,2024-03-24,Sports,Tennis Racket,East,Credit Card,3,1222.38,3667.1400000000003
450,2024-03-25,Beauty,Shampoo,North,Cash on Delivery,3,8325.86,24977.58
451,2024-03-26,Clothing,Jeans,West,Net Banking,4,19945.66,79782.64
452,2024-03-27,Beauty,Lipstick,East,Credit Card,2,8077.54,16155.08
453,2024-03-28,Books,Non-Fiction,North,UPI,4,18364.43,73457.72
454,2024-03-29,Clothing,Jeans,South,UPI,3,16378.03,49134.090000000004
455,2024-03-30,Sports,Football,East,Cash on Delivery,1,9916.83,9916.83
456,2024-03-31,Clothing,Jeans,South,Net Banking,2,13439.14,26878.28
457,2024-04-01,Beauty,Lipstick,North,UPI,1,14425.45,14425.45
458,2024-04-02,Home & Kitchen,Cookware,West,UPI,3,11517.93,34553.79
459,2024-04-03,Beauty,Moisturizer,South,Debit Card,3,16803.93,50411.79
460,2024-04-04,Electronics,Smartwatch,South,Debit Card,1,3903.47,3903.47
461,2024-04-05,Home & Kitchen,Toaster,West,Cash on Delivery,2,14276.86,28553.72
462,2024-04-06,Clothing,Shirt,West,Net Banking,4,10250.69,41002.76
463,2024-04-07,Home & Kitchen,Mixer,South,Net Banking,1,10690.83,10690.83
464,2024-04-08,Home & Kitchen,Mixer,South,Net Banking,1,12290.28,12290.28
465,2024-04-09,Clothing,Jacket,North,Credit Card,4,1928.35,7713.4
466,2024-04-10,Books,Fiction,East,Debit Card,2,3256.38,6512.76
467,2024-04-11,Home & Kitchen,Vacuum Cleaner,West,Debit Card,4,6548.72,26194.88
468,2024-04-12,Books,Fiction,South,Credit Card,3,1226.11,3678.33
469,2024-04-13,Home & Kitchen,Toaster,East,UPI,2,9194.51,18389.02
470,2024-04-14,Electronics,Headphones,West,Debit Card,1,1454.82,1454.82
471,2024-04-15,Electronics,Laptop,North,Credit Card,4,4194.26,16777.04
472,2024-04-16,Sports,Football,South,Net Banking,4,16235.51,64942.04
473,2024-04-17,Home & Kitchen,Toaster,East,Cash on Delivery,1,2948.73,2948.73
474,2024-04-18,Sports,Cricket Bat,South,UPI,1,15252.51,15252.51
475,2024-04-19,Home & Kitchen,Mixer,East,Credit Card,3,9568.69,28706.07
476,2024-04-20,Sports,Gym Equipment,North,Net Banking,2,8354.45,16708.9
477,2024-04-21,Sports,Gym Equipment,North,Cash on Delivery,2,2312.65,4625.3
478,2024-04-22,Home & Kitchen,Mixer,South,Cash on Delivery,1,16646.26,16646.26
479,2024-04-23,Books,Education,North,Cash on Delivery,4,8288.66,33154.64
480,2024-04-24,Sports,Cricket Bat,East,Net Banking,1,14671.18,14671.18
481,2024-04-25,Electronics,Smartwatch,East,Cash on Delivery,1,4259.04,4259.04
482,2024-04-26,Sports,Tennis Racket,East,Cash on Delivery,3,1516.63,4549.89
483,2024-04-27,Home & Kitchen,Mixer,South,Debit Card,4,14487.61,57950.44
484,2024-04-28,Books,Education,North,Debit Card,4,16868.21,67472.84
485,2024-04-29,Home & Kitchen,Mixer,North,Debit Card,4,16593.23,66372.92
486,2024-04-30,Beauty,Moisturizer,North,UPI,1,4192.22,4192.22
487,2024-05-01,Electronics,Laptop,North,Credit Card,2,16537.63,33075.26
488,2024-05-02,Home & Kitchen,Cookware,East,UPI,1,16328.58,16328.58
489,2024-05-03,Home & Kitchen,Cookware,West,Credit Card,3,12748.42,38245.26
490,2024-05-04,Home & Kitchen,Mixer,East,Credit Card,2,7304.84,14609.68
491,2024-05-05,Electronics,Laptop,East,Credit Card,1,11848.47,11848.47
492,2024-05-06,Clothing,Shoes,East,Cash on Delivery,2,16368.67,32737.34
493,2024-05-07,Sports,Tennis Racket,East,UPI,3,14332.89,42998.67
494,2024-05-08,Home & Kitchen,Cookware,West,UPI,4,9361.06,37444.24
495,2024-05-09,Sports,Gym Equipment,East,Credit Card,2,10887.67,21775.34
496,2024-05-10,Books,Non-Fiction,North,Cash on Delivery,3,10153.86,30461.58
497,2024-05-11,Beauty,Perfume,East,Net Banking,1,7236.18,7236.18
498,2024-05-12,Clothing,Shoes,South,UPI,3,7801.05,23403.15
499,2024-05-13,Home & Kitchen,Toaster,East,UPI,2,1519.06,3038.12
500,2024-05-14,Clothing,Shoes,North,Cash on Delivery,4,12559.91,50239.64
501,2024-05-15,Sports,Gym Equipment,East,Credit Card,3,8744.26,26232.78
502,2024-05-16,Books,Comics,North,Credit Card,3,12628.62,37885.86
503,2024-05-17,Sports,Gym Equipment,South,Net Banking,4,13935.61,55742.44
504,2024-05-18,Books,Fiction,East,Net Banking,4,15921.7,63686.8
505,2024-05-19,Electronics,Laptop,West,UPI,1,10009.39,10009.39
506,2024-05-20,Books,Fiction,North,UPI,2,17899.07,35798.14
507,2024-05-21,Books,Non-Fiction,East,Credit Card,4,19954.31,79817.24
508,2024-05-22,Clothing,Shoes,West,UPI,1,6372.1,6372.1
509,2024-05-23,Electronics,Smartwatch,South,Debit Card,1,15615.72,15615.72
510,2024-05-24,Books,Education,East,Debit Card,1,863.94,863.94
511,2024-05-25,Electronics,Laptop,West,UPI,2,14338.47,28676.94
512,2024-05-26,Clothing,Shoes,South,Credit Card,1,17559.96,17559.96
513,2024-05-27,Beauty,Perfume,East,Cash on Delivery,1,2237.74,2237.74
514,2024-05-28,Books,Education,East,Net Banking,1,2390.51,2390.51
515,2024-05-29,Clothing,Jeans,South,Net Banking,4,9248.6,36994.4
516,2024-05-30,Electronics,Phone,East,Net Banking,4,8066.29,32265.16
517,2024-05-31,Clothing,Jeans,West,Credit Card,1,10889.24,10889.24
518,2024-06-01,Books,Fiction,North,Debit Card,1,4739.18,4739.18
519,2024-06-02,Clothing,Jacket,South,Debit Card,4,15483.26,61933.04
520,2024-06-03,Books,Non-Fiction,West,Debit Card,3,12894.72,38684.159999999996
521,2024-06-04,Electronics,Smartwatch,North,Debit Card,3,11397.07,34191.21
522,2024-06-05,Home & Kitchen,Toaster,North,Credit Card,2,5185.62,10371.24
523,2024-06-06,Electronics,Laptop,East,Cash on Delivery,1,16570.62,16570.62
524,2024-06-07,Home & Kitchen,Mixer,East,Credit Card,2,18187.32,36374.64
525,2024-06-08,Sports,Cricket Bat,East,Credit Card,2,4701.55,9403.1
526,2024-06-09,Sports,Gym Equipment,East,UPI,3,9347.71,28043.129999999997
527,2024-06-10,Sports,Football,East,UPI,2,12376.02,24752.04
528,2024-06-11,Beauty,Shampoo,West,Cash on Delivery,2,11807.35,23614.7
529,2024-06-12,Books,Comics,South,Cash on Delivery,2,2195.73,4391.46
530,2024-06-13,Beauty,Lipstick,East,Credit Card,1,558.58,558.58
531,2024-06-14,Clothing,Shoes,East,Net Banking,4,11940.67,47762.68
532,2024-06-15,Sports,Football,East,UPI,4,11389.64,45558.56
533,2024-06-16,Sports,Gym Equipment,East,UPI,4,15843.68,63374.72
534,2024-06-17,Home & Kitchen,Toaster,East,Net Banking,1,14203.32,14203.32
535,2024-06-18,Beauty,Lipstick,West,UPI,2,15470.68,30941.36
536,2024-06-19,Clothing,Shirt,South,Net Banking,3,12212.96,36638.88
537,2024-06-20,Home & Kitchen,Mixer,South,Debit Card,2,1730.96,3461.92
538,2024-06-21,Home & Kitchen,Vacuum Cleaner,West,Cash on Delivery,2,18700.47,37400.94
539,2024-06-22,Books,Comics,North,Cash on Delivery,2,18231.59,36463.18
540,2024-06-23,Electronics,Phone,North,Credit Card,1,2442.11,2442.11
541,2024-06-24,Home & Kitchen,Mixer,West,Credit Card,1,3477.31,3477.31
542,2024-06-25,Books,Fiction,West,Credit Card,4,2668.32,10673.28
543,2024-06-26,Books,Education,East,Debit Card,1,6776.5,6776.5
544,2024-06-27,Electronics,Smartwatch,East,Credit Card,2,10472.99,20945.98
545,2024-06-28,Beauty,Perfume,South,Credit Card,4,12236.31,48945.24
546,2024-06-29,Books,Fiction,North,Credit Card,3,1284.28,3852.84
547,2024-06-30,Beauty,Lipstick,West,Net Banking,1,4270.48,4270.48
548,2024-07-01,Electronics,Phone,North,UPI,1,291.71,291.71
549,2024-07-02,Sports,Gym Equipment,West,Debit Card,1,2462.49,2462.49
550,2024-07-03,Books,Fiction,South,Credit Card,4,10840.43,43361.72
551,2024-07-04,Sports,Tennis Racket,West,Credit Card,3,18474.61,55423.83
552,2024-07-05,Books,Non-Fiction,North,Credit Card,3,7069.67,21209.010000000002
553,2024-07-06,Electronics,Smartwatch,East,Credit Card,2,18385.4,36770.8
554,2024-07-07,Home & Kitchen,Cookware,South,Debit Card,4,4647.18,18588.72
555,2024-07-08,Electronics,Phone,West,Net Banking,4,18272.44,73089.76
556,2024-07-09,Beauty,Perfume,East,Debit Card,2,3692.46,7384.92
557,2024-07-10,Electronics,Laptop,West,Cash on Delivery,3,3477.16,10431.48
558,2024-07-11,Books,Education,East,Net Banking,1,18313.95,18313.95
559,2024-07-12,Electronics,Laptop,East,UPI,1,15653.82,15653.82
560,2024-07-13,Beauty,Moisturizer,West,Credit Card,3,12718.83,38156.49
561,2024-07-14,Home & Kitchen,Toaster,East,Net Banking,4,4411.08,17644.32
562,2024-07-15,Sports,Tennis Racket,West,Cash on Delivery,1,3725.11,3725.11
563,2024-07-16,Books,Comics,North,Credit Card,4,9287.98,37151.92
564,2024-07-17,Electronics,Phone,South,Net Banking,4,8409.56,33638.24
565,2024-07-18,Sports,Gym Equipment,South,Net Banking,4,10794.38,43177.52
566,2024-07-19,Electronics,Phone,West,Credit Card,4,10143.46,40573.84
567,2024-07-20,Sports,Gym Equipment,North,Debit Card,1,6336.75,6336.75
568,2024-07-21,Home & Kitchen,Vacuum Cleaner,South,Debit Card,2,15049.22,30098.44
569,2024-07-22,Home & Kitchen,Mixer,West,Debit Card,3,16035.68,48107.04
570,2024-07-23,Beauty,Shampoo,South,UPI,2,4261.76,8523.52
571,2024-07-24,Electronics,Smartwatch,North,Credit Card,1,12574.52,12574.52
572,2024-07-25,Electronics,Headphones,South,Credit Card,1,9546.93,9546.93
573,2024-07-26,Beauty,Lipstick,North,Credit Card,4,11831.58,47326.32
574,2024-07-27,Books,Comics,North,Credit Card,1,15555.45,15555.45
575,2024-07-28,Sports,Cricket Bat,East,Debit Card,3,10647.43,31942.29
576,2024-07-29,Home & Kitchen,Toaster,South,Credit Card,2,8927.1,17854.2
577,2024-07-30,Beauty,Lipstick,North,Debit Card,2,10040.84,20081.68
578,2024-07-31,Sports,Tennis Racket,West,Cash on Delivery,3,3273.76,9821.28
579,2024-08-01,Clothing,Jacket,East,Cash on Delivery,1,6820.38,6820.38
580,2024-08-02,Books,Non-Fiction,East,Debit Card,3,18933.09,56799.270000000004
581,2024-08-03,Sports,Tennis Racket,West,Net Banking,4,5591.58,22366.32
582,2024-08-04,Books,Education,West,Cash on Delivery,3,12951.19,38853.57
583,2024-08-05,Home & Kitchen,Cookware,West,Credit Card,4,16054.85,64219.4
584,2024-08-06,Sports,Gym Equipment,North,Cash on Delivery,3,3291.82,9875.460000000001
585,2024-08-07,Books,Comics,South,Net Banking,2,17366.48,34732.96
586,2024-08-08,Clothing,Jeans,South,Net Banking,4,736.5,2946.0
587,2024-08-09,Sports,Football,West,Cash on Delivery,3,5226.99,15680.97
588,2024-08-10,Books,Comics,North,Net Banking,3,13503.48,40510.44
589,2024-08-11,Clothing,Jacket,North,Net Banking,1,11981.97,11981.97
590,2024-08-12,Sports,Football,South,Credit Card,1,16038.34,16038.34
591,2024-08-13,Books,Comics,North,Cash on Delivery,3,17771.72,53315.16
592,2024-08-14,Electronics,Laptop,South,Credit Card,4,4916.02,19664.08
593,2024-08-15,Electronics,Headphones,North,Net Banking,2,16145.24,32290.48
594,2024-08-16,Beauty,Lipstick,North,Debit Card,4,14500.89,58003.56
595,2024-08-17,Sports,Gym Equipment,North,UPI,4,16175.63,64702.52
596,2024-08-18,Sports,Cricket Bat,West,Cash on Delivery,4,8064.23,32256.92
597,2024-08-19,Books,Education,East,UPI,1,2993.42,2993.42
598,2024-08-20,Home & Kitchen,Cookware,East,Debit Card,2,6004.33,12008.66
599,2024-08-21,Clothing,Shirt,North,Cash on Delivery,4,1921.12,7684.48
600,2024-08-22,Clothing,Shirt,South,UPI,2,1893.07,3786.14
601,2024-08-23,Home & Kitchen,Mixer,North,Net Banking,3,16992.94,50978.81999999999
602,2024-08-24,Home & Kitchen,Cookware,North,Net Banking,4,3792.42,15169.68
603,2024-08-25,Books,Comics,West,Debit Card,4,12929.93,51719.72
604,2024-08-26,Sports,Cricket Bat,North,Debit Card,2,17874.9,35749.8
605,2024-08-27,Sports,Tennis Racket,North,Cash on Delivery,3,12570.27,37710.81
606,2024-08-28,Beauty,Perfume,West,Credit Card,3,5336.58,16009.74
607,2024-08-29,Home & Kitchen,Cookware,South,Credit Card,2,7388.57,14777.14
608,2024-08-30,Books,Comics,West,UPI,3,5507.66,16522.98
609,2024-08-31,Electronics,Phone,North,Net Banking,1,7034.8,7034.8
610,2024-09-01,Clothing,Shoes,South,Credit Card,4,11130.53,44522.12
611,2024-09-02,Electronics,Smartwatch,North,Debit Card,2,17249.15,34498.3
612,2024-09-03,Electronics,Phone,West,Net Banking,3,18979.38,56938.14
613,2024-09-04,Books,Non-Fiction,South,Credit Card,2,15639.22,31278.44
614,2024-09-05,Sports,Cricket Bat,North,Cash on Delivery,1,17395.67,17395.67
615,2024-09-06,Beauty,Shampoo,West,Cash on Delivery,4,19710.27,78841.08
616,2024-09-07,Beauty,Moisturizer,East,Debit Card,3,16037.13,48111.39
617,2024-09-08,Beauty,Perfume,East,Net Banking,1,9798.61,9798.61
618,2024-09-09,Clothing,Shoes,West,UPI,1,5519.81,5519.81
619,2024-09-10,Clothing,Jeans,West,UPI,4,14037.15,56148.6
620,2024-09-11,Home & Kitchen,Vacuum Cleaner,North,UPI,1,5306.18,5306.18
621,2024-09-12,Books,Fiction,North,Debit Card,2,12972.07,25944.14
622,2024-09-13,Books,Fiction,East,Cash on Delivery,2,19691.16,39382.32
623,2024-09-14,Beauty,Lipstick,North,Credit Card,2,18031.33,36062.66
624,2024-09-15,Home & Kitchen,Toaster,North,Net Banking,2,5591.69,11183.38
625,2024-09-16,Electronics,Laptop,South,UPI,3,16487.16,49461.479999999996
626,2024-09-17,Beauty,Shampoo,North,Cash on Delivery,4,2531.47,10125.88
627,2024-09-18,Sports,Tennis Racket,West,Net Banking,4,10062.2,40248.8
628,2024-09-19,Home & Kitchen,Toaster,North,Net Banking,2,11172.72,22345.44
629,2024-09-20,Books,Fiction,North,Net Banking,1,10049.8,10049.8
630,2024-09-21,Clothing,Jacket,South,Cash on Delivery,4,4287.14,17148.56
631,2024-09-22,Home & Kitchen,Vacuum Cleaner,East,Debit Card,2,2972.37,5944.74
632,2024-09-23,Clothing,Shirt,West,UPI,3,18020.37,54061.11
633,2024-09-24,Home & Kitchen,Mixer,West,UPI,2,14697.25,29394.5
634,2024-09-25,Beauty,Perfume,South,Cash on Delivery,2,12090.23,24180.46
635,2024-09-26,Electronics,Smartwatch,West,Net Banking,1,9986.62,9986.62
636,2024-09-27,Electronics,Headphones,East,Debit Card,2,18305.36,36610.72
637,2024-09-28,Beauty,Shampoo,North,Cash on Delivery,2,8206.75,16413.5
638,2024-09-29,Beauty,Moisturizer,North,Net Banking,2,10474.57,20949.14
639,2024-09-30,Home & Kitchen,Toaster,East,Cash on Delivery,4,7206.65,28826.6
640,2024-10-01,Sports,Football,South,Cash on Delivery,2,14813.07,29626.14
641,2024-10-02,Home & Kitchen,Vacuum Cleaner,West,Debit Card,3,1988.67,5966.01
642,2024-10-03,Beauty,Perfume,West,Cash on Delivery,3,5057.91,15173.73
643,2024-10-04,Clothing,Shoes,North,Credit Card,1,16774.16,16774.16
644,2024-10-05,Sports,Tennis Racket,West,Net Banking,3,7242.32,21726.96
645,2024-10-06,Home & Kitchen,Mixer,South,Cash on Delivery,1,14486.35,14486.35
646,2024-10-07,Clothing,Shirt,West,UPI,4,11414.81,45659.24
647,2024-10-08,Beauty,Perfume,West,Cash on Delivery,2,8053.66,16107.32
648,2024-10-09,Home & Kitchen,Vacuum Cleaner,North,Debit Card,4,18749.23,74996.92
649,2024-10-10,Beauty,Perfume,East,Credit Card,1,9778.35,9778.35
650,2024-10-11,Beauty,Perfume,East,Net Banking,2,817.43,1634.86
651,2024-10-12,Books,Education,West,Debit Card,4,3407.87,13631.48
652,2024-10-13,Electronics,Phone,East,Cash on Delivery,4,1218.23,4872.92
653,2024-10-14,Books,Comics,East,Cash on Delivery,2,19113.68,38227.36
654,2024-10-15,Books,Non-Fiction,North,Debit Card,3,6818.03,20454.09
655,2024-10-16,Clothing,Shirt,West,Credit Card,2,9589.9,19179.8
656,2024-10-17,Home & Kitchen,Cookware,West,Debit Card,1,1687.73,1687.73
657,2024-10-18,Books,Non-Fiction,South,Net Banking,1,8373.31,8373.31
658,2024-10-19,Sports,Gym Equipment,West,Debit Card,1,13830.37,13830.37
659,2024-10-20,Home & Kitchen,Vacuum Cleaner,North,UPI,2,9301.69,18603.38
660,2024-10-21,Beauty,Shampoo,East,Debit Card,3,16418.23,49254.69
661,2024-10-22,Electronics,Smartwatch,West,Credit Card,1,246.32,246.32
662,2024-10-23,Clothing,Shoes,North,Credit Card,3,5588.47,16765.41
663,2024-10-24,Beauty,Lipstick,West,Debit Card,2,2241.26,4482.52
664,2024-10-25,Books,Education,West,Debit Card,1,2013.33,2013.33
665,2024-10-26,Home & Kitchen,Vacuum Cleaner,South,Debit Card,3,19249.56,57748.68000000001
666,2024-10-27,Books,Education,West,Credit Card,1,19014.7,19014.7
667,2024-10-28,Beauty,Moisturizer,North,UPI,3,10521.75,31565.25
668,2024-10-29,Beauty,Moisturizer,West,Debit Card,4,10929.64,43718.56
669,2024-10-30,Beauty,Shampoo,East,Cash on Delivery,4,15216.17,60864.68
670,2024-10-31,Clothing,Jeans,West,Net Banking,3,16169.91,48509.729999999996
671,2024-11-01,Clothing,Shoes,West,Cash on Delivery,3,14537.25,43611.75
672,2024-11-02,Home & Kitchen,Cookware,East,Cash on Delivery,4,17014.07,68056.28
673,2024-11-03,Electronics,Laptop,North,UPI,1,18086.6,18086.6
674,2024-11-04,Books,Non-Fiction,North,UPI,4,4579.95,18319.8
675,2024-11-05,Electronics,Laptop,North,UPI,2,1221.6,2443.2
676,2024-11-06,Beauty,Perfume,West,Debit Card,2,980.65,1961.3
677,2024-11-07,Sports,Gym Equipment,East,Net Banking,2,11847.62,23695.24
678,2024-11-08,Home & Kitchen,Cookware,West,Cash on Delivery,1,3775.39,3775.39
679,2024-11-09,Clothing,Jeans,South,Net Banking,1,9569.56,9569.56
680,2024-11-10,Sports,Cricket Bat,South,Cash on Delivery,3,872.13,2616.39
681,2024-11-11,Home & Kitchen,Cookware,East,Credit Card,1,14674.27,14674.27
682,2024-11-12,Books,Education,West,Net Banking,3,18503.04,55509.12
683,2024-11-13,Beauty,Lipstick,West,Cash on Delivery,2,8550.9,17101.8
684,2024-11-14,Beauty,Perfume,East,UPI,1,9589.44,9589.44
685,2024-11-15,Books,Non-Fiction,North,Net Banking,2,1286.68,2573.36
686,2024-11-16,Electronics,Phone,East,Net Banking,3,6518.19,19554.57
687,2024-11-17,Books,Education,West,UPI,2,12962.02,25924.04
688,2024-11-18,Sports,Tennis Racket,South,Net Banking,2,12006.14,24012.28
689,2024-11-19,Books,Comics,West,Debit Card,3,11301.41,33904.229999999996
690,2024-11-20,Beauty,Lipstick,South,UPI,1,1723.67,1723.67
691,2024-11-21,Electronics,Phone,South,Debit Card,1,10699.25,10699.25
692,2024-11-22,Books,Non-Fiction,North,Cash on Delivery,2,14550.38,29100.76
693,2024-11-23,Home & Kitchen,Vacuum Cleaner,West,Cash on Delivery,4,11534.07,46136.28
694,2024-11-24,Beauty,Perfume,East,Net Banking,4,10881.93,43527.72
695,2024-11-25,Beauty,Perfume,East,Net Banking,1,13300.77,13300.77
696,2024-11-26,Home & Kitchen,Cookware,North,Cash on Delivery,1,12592.65,12592.65
697,2024-11-27,Electronics,Smartwatch,East,UPI,4,8650.98,34603.92
698,2024-11-28,Beauty,Perfume,East,Net Banking,4,4812.6,19250.4
699,2024-11-29,Electronics,Laptop,East,Credit Card,3,9346.47,28039.409999999996
700,2024-11-30,Clothing,Shirt,North,Net Banking,2,621.13,1242.26
701,2024-12-01,Home & Kitchen,Toaster,South,Cash on Delivery,3,3872.36,11617.08
702,2024-12-02,Books,Non-Fiction,South,Net Banking,2,18793.54,37587.08
703,2024-12-03,Books,Non-Fiction,West,UPI,3,1586.59,4759.7699999999995
704,2024-12-04,Books,Non-Fiction,North,Debit Card,2,7144.09,14288.18
705,2024-12-05,Home & Kitchen,Toaster,West,Net Banking,2,1953.16,3906.32
706,2024-12-06,Electronics,Laptop,South,UPI,2,9701.54,19403.08
707,2024-12-07,Electronics,Phone,South,UPI,1,11698.99,11698.99
708,2024-12-08,Home & Kitchen,Cookware,West,Net Banking,4,19684.85,78739.4
709,2024-12-09,Clothing,Shoes,North,UPI,2,2015.65,4031.3
710,2024-12-10,Beauty,Moisturizer,South,Debit Card,3,8542.87,25628.61
711,2024-12-11,Clothing,Shirt,West,UPI,1,14698.98,14698.98
712,2024-12-12,Clothing,Shoes,North,Net Banking,1,2387.39,2387.39
713,2024-12-13,Clothing,Jacket,West,Debit Card,2,6080.66,12161.32
714,2024-12-14,Sports,Gym Equipment,North,UPI,2,6066.9,12133.8
715,2024-12-15,Home & Kitchen,Mixer,West,Credit Card,2,11864.35,23728.7
716,2024-12-16,Home & Kitchen,Vacuum Cleaner,East,Cash on Delivery,4,553.9,2215.6
717,2024-12-17,Clothing,Jacket,East,Cash on Delivery,2,1092.99,2185.98
718,2024-12-18,Sports,Gym Equipment,South,Debit Card,3,7809.67,23429.010000000002
719,2024-12-19,Electronics,Laptop,North,Net Banking,4,2663.86,10655.44
720,2024-12-20,Home & Kitchen,Toaster,East,Cash on Delivery,3,19009.23,57027.69
721,2024-12-21,Sports,Cricket Bat,North,UPI,1,5327.86,5327.86
722,2024-12-22,Home & Kitchen,Vacuum Cleaner,North,Net Banking,4,8468.1,33872.4
723,2024-12-23,Electronics,Smartwatch,West,Cash on Delivery,4,17707.14,70828.56
724,2024-12-24,Books,Comics,South,Credit Card,4,9454.55,37818.2
725,2024-12-25,Electronics,Smartwatch,North,Debit Card,1,19785.86,19785.86
726,2024-12-26,Home & Kitchen,Vacuum Cleaner,East,Credit Card,3,19825.14,59475.42
727,2024-12-27,Sports,Football,South,Cash on Delivery,3,8151.29,24453.87
728,2024-12-28,Books,Comics,West,Credit Card,1,13063.0,13063.0
729,2024-12-29,Electronics,Smartwatch,South,Credit Card,1,16646.72,16646.72
730,2024-12-30,Sports,Football,West,UPI,2,4767.26,9534.52
731,2024-12-31,Sports,Gym Equipment,East,Cash on Delivery,2,7804.99,15609.98
732,2025-01-01,Electronics,Headphones,West,Cash on Delivery,1,3891.48,3891.48
733,2025-01-02,Books,Comics,West,Credit Card,3,16558.87,49676.61
734,2025-01-03,Books,Education,East,UPI,1,1345.28,1345.28
735,2025-01-04,Sports,Gym Equipment,East,Net Banking,3,4483.22,13449.66
736,2025-01-05,Sports,Gym Equipment,North,Net Banking,1,18569.5,18569.5
737,2025-01-06,Beauty,Moisturizer,East,Net Banking,2,10595.62,21191.24
738,2025-01-07,Electronics,Smartwatch,East,UPI,3,8045.59,24136.77
739,2025-01-08,Sports,Tennis Racket,North,Credit Card,2,9925.49,19850.98
740,2025-01-09,Home & Kitchen,Mixer,West,Cash on Delivery,1,3247.14,3247.14
741,2025-01-10,Electronics,Headphones,South,Cash on Delivery,4,9374.94,37499.76
742,2025-01-11,Sports,Tennis Racket,West,Credit Card,1,4631.59,4631.59
743,2025-01-12,Home & Kitchen,Cookware,South,UPI,3,890.33,2670.9900000000002
744,2025-01-13,Clothing,Jeans,East,UPI,4,11685.71,46742.84
745,2025-01-14,Beauty,Moisturizer,East,UPI,2,9257.16,18514.32
746,2025-01-15,Beauty,Shampoo,South,Debit Card,4,5458.88,21835.52
747,2025-01-16,Electronics,Smartwatch,East,Cash on Delivery,4,9638.2,38552.8
748,2025-01-17,Electronics,Smartwatch,West,Credit Card,3,19121.9,57365.700000000004
749,2025-01-18,Books,Comics,North,Debit Card,4,901.36,3605.44
750,2025-01-19,Books,Comics,South,Debit Card,3,13173.79,39521.37
751,2025-01-20,Home & Kitchen,Mixer,West,Credit Card,1,14757.21,14757.21
752,2025-01-21,Books,Comics,West,UPI,2,8287.37,16574.74
753,2025-01-22,Clothing,Jeans,North,UPI,3,300.63,901.89
754,2025-01-23,Home & Kitchen,Toaster,South,Net Banking,3,14523.72,43571.159999999996
755,2025-01-24,Home & Kitchen,Cookware,West,UPI,2,10745.53,21491.06
756,2025-01-25,Beauty,Shampoo,East,Debit Card,1,4559.63,4559.63
757,2025-01-26,Beauty,Lipstick,North,Debit Card,1,17910.7,17910.7
758,2025-01-27,Beauty,Perfume,West,Credit Card,1,17053.9,17053.9
759,2025-01-28,Electronics,Phone,East,Cash on Delivery,4,17681.54,70726.16
760,2025-01-29,Clothing,Jeans,North,Net Banking,2,11929.67,23859.34
761,2025-01-30,Books,Education,South,Net Banking,2,11512.12,23024.24
762,2025-01-31,Electronics,Phone,North,Net Banking,4,13624.72,54498.88
763,2025-02-01,Electronics,Phone,South,Cash on Delivery,3,17316.96,51950.88
764,2025-02-02,Sports,Gym Equipment,North,UPI,1,17596.87,17596.87
765,2025-02-03,Clothing,Jacket,East,Cash on Delivery,3,17389.58,52168.740000000005
766,2025-02-04,Home & Kitchen,Cookware,South,Cash on Delivery,4,17041.52,68166.08
767,2025-02-05,Electronics,Smartwatch,South,Cash on Delivery,3,3375.92,10127.76
768,2025-02-06,Books,Fiction,South,Credit Card,1,16772.86,16772.86
769,2025-02-07,Clothing,Shirt,West,Credit Card,1,18615.79,18615.79
770,2025-02-08,Sports,Football,West,Credit Card,4,12448.51,49794.04
771,2025-02-09,Books,Non-Fiction,South,UPI,2,3946.59,7893.18
772,2025-02-10,Electronics,Smartwatch,North,Cash on Delivery,1,17641.24,17641.24
773,2025-02-11,Clothing,Jeans,North,UPI,2,9416.31,18832.62
774,2025-02-12,Electronics,Phone,North,UPI,3,16551.17,49653.509999999995
775,2025-02-13,Home & Kitchen,Cookware,East,Cash on Delivery,2,16434.95,32869.9
776,2025-02-14,Sports,Tennis Racket,South,Debit Card,1,14921.46,14921.46
777,2025-02-15,Sports,Gym Equipment,North,UPI,3,222.18,666.54
778,2025-02-16,Beauty,Moisturizer,East,Cash on Delivery,2,16676.26,33352.52
779,2025-02-17,Clothing,Jacket,West,Debit Card,1,5322.03,5322.03
780,2025-02-18,Beauty,Shampoo,East,Net Banking,2,5883.36,11766.72
781,2025-02-19,Home & Kitchen,Mixer,South,UPI,2,6663.38,13326.76
782,2025-02-20,Clothing,Shoes,South,Cash on Delivery,1,12709.91,12709.91
783,2025-02-21,Beauty,Lipstick,West,Cash on Delivery,3,7658.57,22975.71
784,2025-02-22,Books,Fiction,West,UPI,4,10891.71,43566.84
785,2025-02-23,Home & Kitchen,Cookware,West,Credit Card,3,2743.28,8229.84
786,2025-02-24,Sports,Tennis Racket,East,Debit Card,3,15268.35,45805.05
787,2025-02-25,Clothing,Jacket,South,Credit Card,2,8758.37,17516.74
788,2025-02-26,Beauty,Perfume,East,UPI,2,6969.07,13938.14
789,2025-02-27,Beauty,Lipstick,North,Credit Card,4,3754.05,15016.2
790,2025-02-28,Beauty,Moisturizer,East,Net Banking,1,2229.69,2229.69
791,2025-03-01,Clothing,Jeans,South,Debit Card,4,3640.32,14561.28
792,2025-03-02,Books,Comics,North,Cash on Delivery,4,1543.17,6172.68
793,2025-03-03,Clothing,Jacket,East,Credit Card,3,3494.28,10482.84
794,2025-03-04,Books,Education,East,Cash on Delivery,4,1533.54,6134.16
795,2025-03-05,Beauty,Shampoo,South,Cash on Delivery,2,9576.76,19153.52
796,2025-03-06,Books,Non-Fiction,North,Cash on Delivery,2,12494.13,24988.26
797,2025-03-07,Beauty,Perfume,South,UPI,3,17077.81,51233.43000000001
798,2025-03-08,Beauty,Moisturizer,North,Credit Card,2,19475.08,38950.16
799,2025-03-09,Books,Comics,South,UPI,1,9029.97,9029.97
800,2025-03-10,Home & Kitchen,Vacuum Cleaner,South,Net Banking,3,2775.71,8327.130000000001
801,2025-03-11,Home & Kitchen,Toaster,East,Debit Card,1,7795.52,7795.52
802,2025-03-12,Sports,Football,West,UPI,1,638.05,638.05
803,2025-03-13,Books,Fiction,North,Cash on Delivery,2,7562.3,15124.6
804,2025-03-14,Books,Fiction,South,Debit Card,4,15454.07,61816.28
805,2025-03-15,Beauty,Perfume,South,Debit Card,2,220.38,440.76
806,2025-03-16,Home & Kitchen,Mixer,South,Cash on Delivery,2,5617.81,11235.62
807,2025-03-17,Electronics,Laptop,West,UPI,1,18897.21,18897.21
808,2025-03-18,Home & Kitchen,Toaster,West,Cash on Delivery,3,9137.46,27412.379999999997
809,2025-03-19,Books,Comics,West,UPI,3,10635.08,31905.239999999998
810,2025-03-20,Sports,Cricket Bat,North,Credit Card,1,13934.91,13934.91
811,2025-03-21,Electronics,Phone,North,UPI,4,16830.95,67323.8
812,2025-03-22,Electronics,Headphones,North,Credit Card,3,13673.89,41021.67
813,2025-03-23,Sports,Tennis Racket,South,UPI,2,2800.44,5600.88
814,2025-03-24,Clothing,Jeans,West,Cash on Delivery,3,19027.1,57081.299999999996
815,2025-03-25,Books,Fiction,West,Credit Card,4,819.79,3279.16
816,2025-03-26,Electronics,Smartwatch,South,Cash on Delivery,1,18883.6,18883.6
817,2025-03-27,Home & Kitchen,Toaster,South,Cash on Delivery,4,17175.73,68702.92
818,2025-03-28,Books,Education,East,Debit Card,4,8072.37,32289.48
819,2025-03-29,Home & Kitchen,Mixer,South,Debit Card,1,8957.52,8957.52
820,2025-03-30,Electronics,Laptop,North,Net Banking,3,8304.81,24914.43
821,2025-03-31,Electronics,Laptop,North,Cash on Delivery,4,14543.57,58174.28
822,2025-04-01,Sports,Cricket Bat,South,Debit Card,2,4419.47,8838.94
823,2025-04-02,Electronics,Laptop,West,Debit Card,4,17388.83,69555.32
824,2025-04-03,Books,Education,East,Net Banking,4,7496.82,29987.28
825,2025-04-04,Electronics,Laptop,North,Credit Card,3,9536.34,28609.02
826,2025-04-05,Books,Non-Fiction,East,Cash on Delivery,3,19370.23,58110.69
827,2025-04-06,Sports,Football,South,Cash on Delivery,2,4233.28,8466.56
828,2025-04-07,Electronics,Laptop,South,Net Banking,1,15576.62,15576.62
829,2025-04-08,Sports,Football,East,Cash on Delivery,3,9183.13,27549.39
830,2025-04-09,Beauty,Shampoo,South,Cash on Delivery,2,15268.28,30536.56
831,2025-04-10,Clothing,Shoes,East,Debit Card,3,15976.6,47929.8
832,2025-04-11,Clothing,Jeans,West,Credit Card,4,844.02,3376.08
833,2025-04-12,Home & Kitchen,Toaster,West,Net Banking,4,19356.72,77426.88
834,2025-04-13,Books,Comics,South,Credit Card,4,15971.44,63885.76
835,2025-04-14,Sports,Tennis Racket,East,UPI,1,224.39,224.39
836,2025-04-15,Books,Non-Fiction,East,Net Banking,3,2678.68,8036.039999999999
837,2025-04-16,Sports,Cricket Bat,North,Net Banking,4,5101.29,20405.16
838,2025-04-17,Books,Education,South,Cash on Delivery,1,4170.39,4170.39
839,2025-04-18,Sports,Cricket Bat,North,UPI,1,3384.34,3384.34
840,2025-04-19,Books,Education,West,Debit Card,2,11723.03,23446.06
841,2025-04-20,Sports,Football,West,Net Banking,1,11887.23,11887.23
842,2025-04-21,Home & Kitchen,Toaster,West,Debit Card,4,6345.17,25380.68
843,2025-04-22,Books,Fiction,South,Cash on Delivery,1,3161.7,3161.7
844,2025-04-23,Sports,Gym Equipment,South,Cash on Delivery,1,1634.45,1634.45
845,2025-04-24,Electronics,Smartwatch,West,Debit Card,4,8031.79,32127.16
846,2025-04-25,Beauty,Perfume,West,UPI,3,12080.41,36241.229999999996
847,2025-04-26,Home & Kitchen,Cookware,West,Debit Card,4,13208.28,52833.12
848,2025-04-27,Books,Education,East,Cash on Delivery,1,17230.42,17230.42
849,2025-04-28,Books,Fiction,North,Net Banking,2,18174.81,36349.62
850,2025-04-29,Home & Kitchen,Mixer,North,UPI,3,9714.04,29142.120000000003
851,2025-04-30,Books,Education,East,Debit Card,4,3089.26,12357.04
852,2025-05-01,Beauty,Perfume,South,Cash on Delivery,4,19735.92,78943.68
853,2025-05-02,Electronics,Smartwatch,North,Credit Card,4,563.68,2254.72
854,2025-05-03,Electronics,Headphones,South,Net Banking,2,12439.48,24878.96
855,2025-05-04,Books,Fiction,South,Credit Card,4,7051.13,28204.52
856,2025-05-05,Home & Kitchen,Cookware,West,Credit Card,4,393.46,1573.84
857,2025-05-06,Beauty,Perfume,South,UPI,4,1633.84,6535.36
858,2025-05-07,Electronics,Laptop,South,Debit Card,1,1939.76,1939.76
859,2025-05-08,Beauty,Perfume,North,Debit Card,1,1833.67,1833.67
860,2025-05-09,Electronics,Laptop,South,Credit Card,1,1755.85,1755.85
861,2025-05-10,Clothing,Shoes,North,UPI,2,6577.48,13154.96
862,2025-05-11,Electronics,Laptop,North,Cash on Delivery,2,11437.31,22874.62
863,2025-05-12,Electronics,Laptop,West,Credit Card,2,13925.24,27850.48
864,2025-05-13,Sports,Tennis Racket,East,Credit Card,3,4162.97,12488.91
865,2025-05-14,Clothing,Shirt,West,Cash on Delivery,3,13473.63,40420.89
866,2025-05-15,Books,Education,South,Cash on Delivery,4,12801.32,51205.28
867,2025-05-16,Home & Kitchen,Vacuum Cleaner,West,Credit Card,3,17945.18,53835.54
868,2025-05-17,Home & Kitchen,Cookware,West,Net Banking,1,18737.0,18737.0
869,2025-05-18,Electronics,Laptop,North,Credit Card,3,12336.29,37008.87
870,2025-05-19,Clothing,Jeans,North,Credit Card,1,14239.4,14239.4
871,2025-05-20,Books,Comics,South,Cash on Delivery,4,18957.54,75830.16
872,2025-05-21,Beauty,Perfume,North,Debit Card,4,16074.22,64296.88
873,2025-05-22,Books,Fiction,North,Net Banking,2,12322.71,24645.42
874,2025-05-23,Clothing,Shoes,West,UPI,3,1786.27,5358.8099999999995
875,2025-05-24,Beauty,Perfume,South,Cash on Delivery,4,11149.43,44597.72
876,2025-05-25,Books,Fiction,South,Debit Card,2,16382.5,32765.0
877,2025-05-26,Clothing,Jeans,North,Credit Card,2,9721.9,19443.8
878,2025-05-27,Beauty,Lipstick,East,Credit Card,3,10622.77,31868.31
879,2025-05-28,Home & Kitchen,Toaster,East,Cash on Delivery,2,8884.42,17768.84
880,2025-05-29,Clothing,Jeans,North,Credit Card,2,1394.97,2789.94
881,2025-05-30,Sports,Gym Equipment,East,UPI,3,13075.82,39227.46
882,2025-05-31,Sports,Cricket Bat,West,Credit Card,1,17461.31,17461.31
883,2025-06-01,Electronics,Smartwatch,North,Debit Card,2,6714.55,13429.1
884,2025-06-02,Clothing,Shirt,East,Net Banking,2,6870.54,13741.08
885,2025-06-03,Electronics,Headphones,East,Debit Card,4,17462.29,69849.16
886,2025-06-04,Clothing,Shirt,North,UPI,1,13242.41,13242.41
887,2025-06-05,Books,Fiction,North,Debit Card,3,3401.12,10203.36
888,2025-06-06,Beauty,Perfume,South,Credit Card,2,14440.2,28880.4
889,2025-06-07,Books,Fiction,South,Cash on Delivery,2,6779.83,13559.66
890,2025-06-08,Books,Fiction,East,UPI,4,19500.9,78003.6
891,2025-06-09,Sports,Gym Equipment,East,Debit Card,3,1814.22,5442.66
892,2025-06-10,Electronics,Smartwatch,West,Net Banking,3,13668.52,41005.56
893,2025-06-11,Books,Non-Fiction,West,Cash on Delivery,1,8484.32,8484.32
894,2025-06-12,Home & Kitchen,Mixer,North,Credit Card,3,5302.12,15906.36
895,2025-06-13,Clothing,Shoes,East,UPI,4,3649.03,14596.12
896,2025-06-14,Clothing,Jeans,South,Debit Card,1,14597.95,14597.95
897,2025-06-15,Home & Kitchen,Toaster,East,Debit Card,1,16955.66,16955.66
898,2025-06-16,Home & Kitchen,Vacuum Cleaner,West,Credit Card,1,7049.51,7049.51
899,2025-06-17,Beauty,Shampoo,West,Net Banking,4,15400.93,61603.72
900,2025-06-18,Electronics,Smartwatch,West,Debit Card,4,994.16,3976.64
901,2025-06-19,Beauty,Shampoo,North,Credit Card,1,10377.12,10377.12
902,2025-06-20,Home & Kitchen,Vacuum Cleaner,West,Cash on Delivery,1,8884.59,8884.59
903,2025-06-21,Clothing,Shirt,North,Cash on Delivery,1,8031.2,8031.2
904,2025-06-22,Sports,Tennis Racket,East,Debit Card,4,17493.78,69975.12
905,2025-06-23,Books,Fiction,West,UPI,2,15900.53,31801.06
906,2025-06-24,Home & Kitchen,Toaster,North,UPI,3,5681.19,17043.57
907,2025-06-25,Electronics,Headphones,South,Credit Card,3,5820.32,17460.96
908,2025-06-26,Beauty,Shampoo,West,Cash on Delivery,1,4371.11,4371.11
909,2025-06-27,Sports,Football,East,Credit Card,1,9423.09,9423.09
910,2025-06-28,Electronics,Laptop,North,UPI,1,14715.64,14715.64
911,2025-06-29,Beauty,Lipstick,South,Cash on Delivery,3,15564.8,46694.399999999994
912,2025-06-30,Sports,Tennis Racket,West,Credit Card,4,18198.84,72795.36
913,2025-07-01,Home & Kitchen,Toaster,East,Net Banking,3,12724.3,38172.899999999994
914,2025-07-02,Electronics,Laptop,West,Net Banking,2,19433.62,38867.24
915,2025-07-03,Sports,Gym Equipment,East,Net Banking,3,8378.02,25134.06
916,2025-07-04,Books,Fiction,South,Cash on Delivery,2,9947.1,19894.2
917,2025-07-05,Clothing,Shirt,East,Credit Card,2,2128.39,4256.78
918,2025-07-06,Clothing,Jacket,West,Debit Card,1,9017.04,9017.04
919,2025-07-07,Beauty,Shampoo,West,Cash on Delivery,4,11672.42,46689.68
920,2025-07-08,Books,Non-Fiction,West,UPI,4,11940.43,47761.72
921,2025-07-09,Sports,Cricket Bat,West,Cash on Delivery,2,13112.04,26224.08
922,2025-07-10,Clothing,Jacket,South,Credit Card,1,19394.36,19394.36
923,2025-07-11,Sports,Gym Equipment,East,Cash on Delivery,2,17188.13,34376.26
924,2025-07-12,Electronics,Smartwatch,South,Cash on Delivery,1,6638.76,6638.76
925,2025-07-13,Sports,Football,South,Cash on Delivery,4,12054.54,48218.16
926,2025-07-14,Home & Kitchen,Mixer,East,Cash on Delivery,4,19402.46,77609.84
927,2025-07-15,Beauty,Perfume,North,Net Banking,3,4846.55,14539.650000000001
928,2025-07-16,Books,Education,South,UPI,2,1655.24,3310.48
929,2025-07-17,Sports,Football,West,UPI,2,6751.61,13503.22
930,2025-07-18,Beauty,Shampoo,West,Credit Card,1,6872.66,6872.66
931,2025-07-19,Beauty,Shampoo,East,UPI,2,3085.98,6171.96
932,2025-07-20,Books,Fiction,North,Credit Card,1,5124.54,5124.54
933,2025-07-21,Clothing,Jeans,North,Credit Card,3,18981.95,56945.850000000006
934,2025-07-22,Sports,Tennis Racket,South,Credit Card,1,3507.43,3507.43
935,2025-07-23,Home & Kitchen,Mixer,South,Cash on Delivery,4,7711.3,30845.2
936,2025-07-24,Sports,Football,North,Credit Card,3,14780.76,44342.28
937,2025-07-25,Home & Kitchen,Vacuum Cleaner,West,Credit Card,1,10763.54,10763.54
938,2025-07-26,Sports,Gym Equipment,West,Cash on Delivery,1,16914.57,16914.57
939,2025-07-27,Beauty,Perfume,West,Credit Card,4,9038.1,36152.4
940,2025-07-28,Electronics,Laptop,North,Cash on Delivery,3,17391.77,52175.31
941,2025-07-29,Clothing,Shirt,West,Debit Card,4,10890.14,43560.56
942,2025-07-30,Home & Kitchen,Vacuum Cleaner,North,Net Banking,4,5541.04,22164.16
943,2025-07-31,Books,Fiction,East,Debit Card,2,2634.82,5269.64
944,2025-08-01,Home & Kitchen,Mixer,South,UPI,1,18744.79,18744.79
945,2025-08-02,Books,Non-Fiction,West,Net Banking,1,12872.06,12872.06
946,2025-08-03,Home & Kitchen,Vacuum Cleaner,North,Cash on Delivery,3,9153.54,27460.620000000003
947,2025-08-04,Clothing,Jacket,South,Debit Card,1,1953.4,1953.4
948,2025-08-05,Books,Comics,North,UPI,1,10243.25,10243.25
949,2025-08-06,Electronics,Phone,South,Credit Card,2,13826.52,27653.04
950,2025-08-07,Beauty,Shampoo,South,Credit Card,4,19735.28,78941.12
951,2025-08-08,Home & Kitchen,Cookware,East,Cash on Delivery,4,13782.16,55128.64
952,2025-08-09,Home & Kitchen,Toaster,West,Debit Card,2,19045.87,38091.74
953,2025-08-10,Electronics,Phone,West,Net Banking,2,19467.34,38934.68
954,2025-08-11,Electronics,Laptop,South,Net Banking,3,9203.85,27611.550000000003
955,2025-08-12,Home & Kitchen,Cookware,North,UPI,3,10530.25,31590.75
956,2025-08-13,Clothing,Jeans,East,Net Banking,3,13403.91,40211.729999999996
957,2025-08-14,Books,Non-Fiction,North,Net Banking,4,2689.68,10758.72
958,2025-08-15,Clothing,Shirt,West,Credit Card,2,6297.01,12594.02
959,2025-08-16,Clothing,Jacket,South,Debit Card,4,18808.43,75233.72
960,2025-08-17,Electronics,Smartwatch,West,Net Banking,4,13533.96,54135.84
961,2025-08-18,Sports,Cricket Bat,North,Debit Card,2,3929.31,7858.62
962,2025-08-19,Electronics,Smartwatch,West,UPI,3,13517.52,40552.56
963,2025-08-20,Electronics,Headphones,East,Debit Card,4,4844.31,19377.24
964,2025-08-21,Sports,Gym Equipment,South,UPI,3,3707.57,11122.710000000001
965,2025-08-22,Electronics,Phone,East,UPI,2,13300.32,26600.64
966,2025-08-23,Clothing,Shirt,East,Debit Card,3,18903.36,56710.08
967,2025-08-24,Clothing,Shirt,South,UPI,2,546.82,1093.64
968,2025-08-25,Beauty,Perfume,South,Cash on Delivery,2,12433.38,24866.76
969,2025-08-26,Electronics,Headphones,West,Debit Card,4,17319.25,69277.0
970,2025-08-27,Electronics,Smartwatch,West,Credit Card,1,801.66,801.66
971,2025-08-28,Books,Fiction,West,UPI,4,15951.11,63804.44
972,2025-08-29,Sports,Cricket Bat,West,Cash on Delivery,4,13594.97,54379.88
973,2025-08-30,Beauty,Shampoo,South,Credit Card,3,18829.33,56487.990000000005
974,2025-08-31,Home & Kitchen,Toaster,North,UPI,2,7998.52,15997.04
975,2025-09-01,Sports,Gym Equipment,East,UPI,1,11628.27,11628.27
976,2025-09-02,Home & Kitchen,Mixer,West,Debit Card,2,13225.34,26450.68
977,2025-09-03,Clothing,Shirt,South,Cash on Delivery,2,12178.09,24356.18
978,2025-09-04,Sports,Gym Equipment,North,Net Banking,3,19548.05,58644.149999999994
979,2025-09-05,Clothing,Jeans,South,Net Banking,1,19868.07,19868.07
980,2025-09-06,Home & Kitchen,Vacuum Cleaner,South,Cash on Delivery,1,15691.23,15691.23
981,2025-09-07,Sports,Gym Equipment,South,UPI,1,5915.97,5915.97
982,2025-09-08,Electronics,Phone,South,Debit Card,3,17594.61,52783.83
983,2025-09-09,Beauty,Shampoo,West,Credit Card,1,15350.78,15350.78
984,2025-09-10,Books,Non-Fiction,West,UPI,4,13418.35,53673.4
985,2025-09-11,Beauty,Moisturizer,South,UPI,2,18047.24,36094.48
986,2025-09-12,Beauty,Shampoo,North,Cash on Delivery,1,15996.71,15996.71
987,2025-09-13,Sports,Football,East,UPI,3,17404.23,52212.69
988,2025-09-14,Home & Kitchen,Mixer,North,UPI,1,2580.14,2580.14
989,2025-09-15,Books,Education,South,UPI,2,13051.68,26103.36
990,2025-09-16,Beauty,Perfume,North,Net Banking,1,6626.8,6626.8
991,2025-09-17,Home & Kitchen,Mixer,North,UPI,4,12274.67,49098.68
992,2025-09-18,Sports,Gym Equipment,East,Debit Card,3,13970.25,41910.75
993,2025-09-19,Sports,Gym Equipment,West,Net Banking,4,11060.29,44241.16
994,2025-09-20,Books,Comics,South,Cash on Delivery,1,4903.37,4903.37
995,2025-09-21,Books,Education,East,Cash on Delivery,1,8999.51,8999.51
996,2025-09-22,Clothing,Shirt,North,Cash on Delivery,2,1649.28,3298.56
997,2025-09-23,Clothing,Shoes,West,Net Banking,3,3535.2,10605.599999999999
998,2025-09-24,Books,Comics,North,UPI,2,12465.91,24931.82
999,2025-09-25,Electronics,Phone,West,UPI,2,10108.82,20217.64
1000,2025-09-26,Electronics,Smartwatch,South,Credit Card,1,17294.01,17294.01
